{
    "192.168.137.170": 343.9379883,
    "192.168.137.171": 88.9453125,
    "192.168.137.172": 259.8925781,
    "192.168.137.173": 20.390625,
    "192.168.137.174": 236.6455078,
    "192.168.137.175": 140.1416016,
    "192.168.137.150": 33.96972656,
    "192.168.137.151": 243.8085938,
    "192.168.137.152": 185.6689453,
    "192.168.137.153": 307.5073242,
    "192.168.137.154": 315.2636719,
    "192.168.137.155": 276.394043,
    "192.168.137.190": 249.9829102,
    "192.168.137.191": 157.3901367,
    "192.168.137.192": 165.1025391
}