{
    "192.168.137.170": 167.9150391,
    "192.168.137.171": 253.0151367,
    "192.168.137.172": 81.29882813,
    "192.168.137.173": 297.4658203,
    "192.168.137.174": 322.6025391,
    "192.168.137.175": 188.4375,
    "192.168.137.150": 249.8291016,
    "192.168.137.151": 211.0473633,
    "192.168.137.152": 68.81835938,
    "192.168.137.153": 290.1049805,
    "192.168.137.154": 201.027832,
    "192.168.137.155": 72.33398438,
    "192.168.137.190": 159.8950195,
    "192.168.137.191": 241.875,
    "192.168.137.192": 38.14453125
}